pregunta,respuesta_manual
¿Qué lugares destacados se pueden visitar en Cienfuegos?,"id='f86ae38d336b4cf5b629b9f912eb7cef' object='chat.completion' created=1749866807 model='open-mixtral-8x7b' choices=[ChatCompletionResponseChoice(index=0, message=ChatMessage(role='assistant', content='Lo siento, pero en los documentos proporcionados no se encuentran datos sobre los lugares destacados para visitar en Cienfuegos. Los documentos solo contienen metadatos y no hay contenido informativo sobre los sitios turísticos de Cienfuegos. Los metadatos indican las fuentes de donde se obtuvieron los documentos, la fecha de extracción y el idioma, pero no proporcionan información sobre los lugares destacados de Cienfuegos.', name=None, tool_calls=None), finish_reason=<FinishReason.stop: 'stop'>)] usage=UsageInfo(prompt_tokens=544, total_tokens=665, completion_tokens=121)"
¿Dónde puedo encontrar información sobre el Nature Tour Nicho-Cienfuegos?,"id='6707f31d159e462c885707b8f1668a38' object='chat.completion' created=1749866811 model='open-mixtral-8x7b' choices=[ChatCompletionResponseChoice(index=0, message=ChatMessage(role='assistant', content='Después de revisar los documentos proporcionados, no pude encontrar información específica sobre el Nature Tour Nicho-Cienfuegos. Los documentos tratan sobre diferentes destinos en Cuba, como Varadero, Trinidad y Santiago de Cuba, pero no mencionan el tour en cuestión. Es posible que la información que buscas no esté incluida en estos documentos. Te recomiendo buscar en otros recursos en línea o en sitios web oficiales de turismo en Cuba para encontrar detalles sobre el Nature Tour Nicho-Cienfuegos.', name=None, tool_calls=None), finish_reason=<FinishReason.stop: 'stop'>)] usage=UsageInfo(prompt_tokens=573, total_tokens=716, completion_tokens=143)"
¿Cómo puedo llegar a Trinidad desde Cienfuegos?,"id='a8ffd731d8404d0cad986c0608099450' object='chat.completion' created=1749866814 model='open-mixtral-8x7b' choices=[ChatCompletionResponseChoice(index=0, message=ChatMessage(role='assistant', content=""To answer your question, I will provide information on how to travel from Cienfuegos to Trinidad, based on the available metadata. However, I don't have direct access to the page content since it's empty in the provided documents.\n\nThere are two main ways to travel from Cienfuegos to Trinidad: by Viazul bus or by taxi.\n\n1. Viazul bus: This is a popular option for tourists. You can check the Viazul website or ticket offices for schedules and prices. The journey takes around 1-2 hours.\n\n2. Taxi: You can hire a taxi to take you from Cienfuegos to Trinidad. This might be more expensive than the bus, but it provides more flexibility with departure times and drop-off locations. \n\nKeep in mind that travel options and schedules might change, so it's a good idea to double-check the information from reliable sources before your trip."", name=None, tool_calls=None), finish_reason=<FinishReason.stop: 'stop'>)] usage=UsageInfo(prompt_tokens=556, total_tokens=767, completion_tokens=211)"
¿Qué opciones de alojamiento hay disponibles en Trinidad?,"id='e469ff78a08e43b199ae93cd09a324a0' object='chat.completion' created=1749866823 model='open-mixtral-8x7b' choices=[ChatCompletionResponseChoice(index=0, message=ChatMessage(role='assistant', content='Desde el contexto proporcionado, no se pueden proporcionar directamente las opciones de alojamiento disponibles en Trinidad, Cuba. Los documentos proporcionados no contienen información sobre alojamientos en Trinidad. Los metadatos de los documentos indican que se trata de páginas web de viajes sobre Cuba, pero la información relevante no se incluye en el texto proporcionado. Se recomienda revisar los documentos completos o buscar en otras fuentes confiables para obtener información actualizada sobre opciones de alojamiento en Trinidad.', name=None, tool_calls=None), finish_reason=<FinishReason.stop: 'stop'>)] usage=UsageInfo(prompt_tokens=549, total_tokens=700, completion_tokens=151)"
¿Cuáles son los números de emergencia en Trinidad?,"id='85475181d2854ead876db461d8c10720' object='chat.completion' created=1749866828 model='open-mixtral-8x7b' choices=[ChatCompletionResponseChoice(index=0, message=ChatMessage(role='assistant', content='Desafortunadamente, no se proporciona información específica sobre los números de emergencia en Trinidad en los documentos suministrados. Para encontrar esta información, le recomiendo buscar en sitios web oficiales de la ciudad o del gobierno de Cuba. Los documentos que proporcionó sí contienen información sobre Santiago de Cuba y no sobre Trinidad. Asegúrese de proporcionar la fuente correcta para obtener la información deseada.', name=None, tool_calls=None), finish_reason=<FinishReason.stop: 'stop'>)] usage=UsageInfo(prompt_tokens=565, total_tokens=686, completion_tokens=121)"
¿Qué eventos destacados se celebran en Varadero?,"id='5fbd698791b0439182b080e486727cc5' object='chat.completion' created=1749866832 model='open-mixtral-8x7b' choices=[ChatCompletionResponseChoice(index=0, message=ChatMessage(role='assistant', content='Lo siento, pero no puedo proporcionar la información que solicitas, ya que los documentos que me has proporcionado como contexto no contienen información sobre eventos destacados en Varadero. Los documentos se refieren a la gastronomía en Varadero, eventos en Santiago de Cuba y excursiones en Varadero, pero no mencionan ningún evento destacado en Varadero.', name=None, tool_calls=None), finish_reason=<FinishReason.stop: 'stop'>)] usage=UsageInfo(prompt_tokens=561, total_tokens=664, completion_tokens=103)"
¿Dónde puedo comprar tarjetas de wifi y acceso a internet en Matanzas?,"id='d912ac6dfb5a45b188d6e8c9520651b7' object='chat.completion' created=1749866837 model='open-mixtral-8x7b' choices=[ChatCompletionResponseChoice(index=0, message=ChatMessage(role='assistant', content='Desafortunadamente, no hay información específica sobre dónde comprar tarjetas de WiFi y acceso a internet en Matanzas en los documentos proporcionados. Es posible que necesite buscar en sitios web oficiales de Cuba, Matanzas o proveedores de servicios de internet en Cuba para obtener información precisa.\n\nSin embargo, en general, en Cuba, las tarjetas de WiFi y el acceso a internet se suelen vender en tiendas de telecomunicaciones oficiales, hoteles y centros de telecomunicaciones especialmente habilitados por la empresa de telecomunicaciones estatal ETECSA. Es posible que también pueda encontrar vendedores no oficiales en algunos lugares públicos, aunque se recomienda comprar a vendedores oficiales para asegurarse de la legalidad y calidad del servicio.\n\nEs posible que desee consultar el sitio web de ETECSA o buscar en el sitio web de la oficina de turismo de Matanzas para obtener información actualizada sobre dónde comprar tarjetas de WiFi y acceder a internet en Matanzas.', name=None, tool_calls=None), finish_reason=<FinishReason.stop: 'stop'>)] usage=UsageInfo(prompt_tokens=548, total_tokens=828, completion_tokens=280)"
¿Cómo es el clima en Holguín durante el mes de mayo?,"id='c0aca3af63d249ed8f511c6254272b8e' object='chat.completion' created=1749866845 model='open-mixtral-8x7b' choices=[ChatCompletionResponseChoice(index=0, message=ChatMessage(role='assistant', content='Lo siento, en los documentos provistos no se proporciona información sobre el clima en Holguín durante el mes de mayo. Los documentos se refieren a la historia de Santiago de Cuba, hoteles en Santiago de Cuba y el clima en Trinidad. Para responder tu pregunta, sería necesario contar con información sobre el clima en Holguín.', name=None, tool_calls=None), finish_reason=<FinishReason.stop: 'stop'>)] usage=UsageInfo(prompt_tokens=566, total_tokens=655, completion_tokens=89)"
¿Qué opciones de alojamiento hay en Holguín?,"id='c882ce3b59534f1cbc20bed5467e6223' object='chat.completion' created=1749866850 model='open-mixtral-8x7b' choices=[ChatCompletionResponseChoice(index=0, message=ChatMessage(role='assistant', content=""Based on the provided documents, there is information about hotels in Holguín available at the following sources:\n\n1. <https://www.cuba.travel/en/destinations/holguin/hotels-in-holguin>\n2. <https://www.cuba.travel/destinos/holguin/hoteles-en-holguin>\n\nYou can visit these websites to explore the different hotel options available in Holguín. Unfortunately, I cannot access external links or browse the web, so I'm unable to provide specific hotel names or details at this time."", name=None, tool_calls=None), finish_reason=<FinishReason.stop: 'stop'>)] usage=UsageInfo(prompt_tokens=554, total_tokens=687, completion_tokens=133)"
¿Cuáles son las áreas protegidas más destacadas en Santiago de Cuba?,"id='8061d9b20f10492b9a9b39f9e8b9ba24' object='chat.completion' created=1749866853 model='open-mixtral-8x7b' choices=[ChatCompletionResponseChoice(index=0, message=ChatMessage(role='assistant', content='Después de analizar los documentos proporcionados, no se proporciona información específica sobre las áreas protegidas más destacadas en Santiago de Cuba. Los documentos se refieren a temas relacionados con el ecoturismo, las playas y la naturaleza en Santiago de Cuba, pero no mencionan ni describen áreas protegidas en particular. Para responder a esta pregunta, sería necesario revisar otro conjunto de documentos que contenga información relevante sobre las áreas protegidas en Santiago de Cuba.', name=None, tool_calls=None), finish_reason=<FinishReason.stop: 'stop'>)] usage=UsageInfo(prompt_tokens=572, total_tokens=707, completion_tokens=135)"
¿Qué festivales se celebran en Santiago de Cuba?,"id='892d1f4ac1d746e3b00667c8fd366c9c' object='chat.completion' created=1749866857 model='open-mixtral-8x7b' choices=[ChatCompletionResponseChoice(index=0, message=ChatMessage(role='assistant', content='Desafortunadamente, no se proporciona información específica sobre festivales en Santiago de Cuba en los documentos adjuntos. Los documentos se refieren a diferentes temas relacionados con Cuba, como danza en Holguín, teatro en Trinidad y eventos en Santiago de Cuba, pero no ofrecen detalles sobre festivales en Santiago de Cuba. Sería necesario consultar otros documentos o fuentes de información para obtener respuestas sobre festivales en Santiago de Cuba.', name=None, tool_calls=None), finish_reason=<FinishReason.stop: 'stop'>)] usage=UsageInfo(prompt_tokens=550, total_tokens=672, completion_tokens=122)"
¿Cómo puedo llegar a Varadero por vía aérea?,"id='de8a53c616624119a9d151f0745b6984' object='chat.completion' created=1749866861 model='open-mixtral-8x7b' choices=[ChatCompletionResponseChoice(index=0, message=ChatMessage(role='assistant', content='Based on the provided documents, there is no direct information about how to reach Varadero by air. However, I can provide you with general information about traveling to Varadero by plane.\n\nVaradero has an international airport called ""Juan Gualberto Gómez Airport"" (VRA). To get to Varadero by air, you should look for flights to this airport. Once you arrive, you can take a taxi, shuttle service, or rental car to reach your final destination in Varadero.\n\nTo find the best flights and prices, you can visit airline websites or use flight comparison tools like Skyscanner, Kayak, or Google Flights. Remember to check COVID-19 travel restrictions and requirements for Cuba before planning your trip.\n\nAdditionally, you can find useful information on Cuba\'s official tourism website (<https://www.cuba.travel>), although the specific documents provided do not contain information related to reaching Varadero directly.', name=None, tool_calls=None), finish_reason=<FinishReason.stop: 'stop'>)] usage=UsageInfo(prompt_tokens=576, total_tokens=788, completion_tokens=212)"
¿Qué actividades puedo hacer en el Varadero Golf Club?,"id='374b9eb96f094c14b3328522fcc5ddb1' object='chat.completion' created=1749866867 model='open-mixtral-8x7b' choices=[ChatCompletionResponseChoice(index=0, message=ChatMessage(role='assistant', content='Based on the provided document metadata, none of the documents directly provide information about the activities that can be done at the Varadero Golf Club. The metadata shows that the documents are related to travel information for the Varadero area in Matanzas, Cuba, but they do not contain any content related to specific activities at the golf club. It would be necessary to consult a different source for that information.', name=None, tool_calls=None), finish_reason=<FinishReason.stop: 'stop'>)] usage=UsageInfo(prompt_tokens=553, total_tokens=636, completion_tokens=83)"
¿Dónde puedo encontrar servicios de salud en Trinidad?,"id='19e3c0a5cbc1468e978b5b6cc7dcb615' object='chat.completion' created=1749866870 model='open-mixtral-8x7b' choices=[ChatCompletionResponseChoice(index=0, message=ChatMessage(role='assistant', content='Lo siento, en los documentos proporcionados no hay información sobre servicios de salud en Trinidad, solo hay información sobre servicios de salud en Santiago de Cuba. Para obtener información sobre servicios de salud en Trinidad, debe proporcionar documentos relevantes.', name=None, tool_calls=None), finish_reason=<FinishReason.stop: 'stop'>)] usage=UsageInfo(prompt_tokens=578, total_tokens=650, completion_tokens=72)"
¿Cómo es el clima en Trinidad durante el mes de agosto?,"id='c335e97fbd0d49c289bcd765cbab191d' object='chat.completion' created=1749866873 model='open-mixtral-8x7b' choices=[ChatCompletionResponseChoice(index=0, message=ChatMessage(role='assistant', content='Lo siento, no puedo proporcionar la información directamente desde los documentos ya que ninguno de ellos contiene datos sobre el clima específico de Trinidad en agosto. Los documentos que proporcionaste contienen metadata sobre la fuente de la información y la fecha de crawl, pero los page\\_content están vacíos.\n\nSin embargo, generalmente Trinidad, Cuba tiene un clima tropical con temperaturas cálidas durante todo el año. En los meses de verano, como agosto, se espera que las temperaturas máximas promedio estén alrededor de los 32°C (90°F) y las mínimas alrededor de los 23°C (73°F). Además, es probable que haya precipitaciones frecuentes durante este mes.\n\nTe recomendaría visitar sitios web confiables de pronóstico del tiempo, como el de la Administración Nacional Oceánica y Atmosférica (NOAA) o el de The Weather Channel, para obtener información más precisa y actualizada sobre el clima en Trinidad, Cuba en agosto.', name=None, tool_calls=None), finish_reason=<FinishReason.stop: 'stop'>)] usage=UsageInfo(prompt_tokens=536, total_tokens=813, completion_tokens=277)"
"¿Qué opciones de alojamiento hay en Varadero, Matanzas?","id='35ea2c175ad64985bb6703a9236c2be8' object='chat.completion' created=1749866880 model='open-mixtral-8x7b' choices=[ChatCompletionResponseChoice(index=0, message=ChatMessage(role='assistant', content='Desafortunadamente, no puedo proporcionarle información específica sobre las opciones de alojamiento en Varadero, Matanzas, ya que los documentos que me proporcionó no contienen información relevante sobre esta pregunta. Los documentos sólo contienen metadata sin ninguna descripción sobre alojamientos en Varadero.\n\nSin embargo, para obtener más información sobre hoteles en Varadero, Matanzas, le recomiendo visitar el sitio web oficial de Cuba Travel o realizar búsquedas en sitios web de viajes confiables.', name=None, tool_calls=None), finish_reason=<FinishReason.stop: 'stop'>)] usage=UsageInfo(prompt_tokens=556, total_tokens=704, completion_tokens=148)"
¿Dónde puedo comprar en Varadero?,"id='74da75d7ea0c4226810521968eecb8c4' object='chat.completion' created=1749866887 model='open-mixtral-8x7b' choices=[ChatCompletionResponseChoice(index=0, message=ChatMessage(role='assistant', content='Based on the provided document metadata, none of the documents contain information about where to shop in Varadero. The documents refer to gastronomy, excursions, and events in Varadero, but not shopping. You may need to look for a different source of information to find out where to buy things in Varadero.', name=None, tool_calls=None), finish_reason=<FinishReason.stop: 'stop'>)] usage=UsageInfo(prompt_tokens=549, total_tokens=618, completion_tokens=69)"
¿Qué opciones de alojamiento hay en Santiago de Cuba?,"id='9c5aa46d1b90412192bc370b4c97fd71' object='chat.completion' created=1749866889 model='open-mixtral-8x7b' choices=[ChatCompletionResponseChoice(index=0, message=ChatMessage(role='assistant', content='Desafortunadamente, no se proporciona información sobre opciones de alojamiento en Santiago de Cuba en los documentos adjuntos. Los documentos mencionan diferentes temas, como destinos turísticos en Holguín y servicios de hoteles en Santiago de Cuba, pero no especifican opciones de alojamiento.\n\nPara obtener información sobre opciones de alojamiento en Santiago de Cuba, le sugeriría buscar en el sitio web oficial de turismo de Cuba o en sitios web de reservas de hoteles confiables.', name=None, tool_calls=None), finish_reason=<FinishReason.stop: 'stop'>)] usage=UsageInfo(prompt_tokens=565, total_tokens=701, completion_tokens=136)"
¿Cómo puedo llegar a Varadero por vía marítima?,"id='05c6737c709943ee8af839ac92b95a22' object='chat.completion' created=1749866894 model='open-mixtral-8x7b' choices=[ChatCompletionResponseChoice(index=0, message=ChatMessage(role='assistant', content='Based on the provided document metadata, there are no specific instructions for traveling to Varadero by sea. However, I can provide some general information on how to reach Varadero, which is a popular beach resort town in Cuba, by sea.\n\nOne way to reach Varadero by sea is by taking a ferry from Havana, the capital city of Cuba. The company ""Ferry Punta Frances"" operates a ferry service between Havana and Varadero. The journey takes approximately 3 hours. You can find more information on their website or contact them directly for schedules, prices, and reservations.\n\nAnother option is to reach Varadero by private yacht or sailboat. Marina Gaviota is a marina in Varadero that can accommodate private yachts and sailboats. You can contact them for docking and other related services. Keep in mind that you may need to arrange for a Cuban agent to clear customs and immigration for your vessel.\n\nPlease note that traveling to Cuba as a tourist requires a valid visa, and there are certain restrictions for American citizens due to the ongoing trade embargo. Ensure you have the proper documentation and follow all legal requirements when planning your trip.', name=None, tool_calls=None), finish_reason=<FinishReason.stop: 'stop'>)] usage=UsageInfo(prompt_tokens=557, total_tokens=812, completion_tokens=255)"
¿Qué actividades puedo hacer en el Jeep Safari Pinar del Río?,"id='1e35e5cf0f6544b0963a3b714fb115a5' object='chat.completion' created=1749866905 model='open-mixtral-8x7b' choices=[ChatCompletionResponseChoice(index=0, message=ChatMessage(role='assistant', content='Lo siento, en los documentos proporcionados no hay información específica sobre las actividades que puedes hacer en el Jeep Safari Pinar del Río. Los documentos se refieren a diferentes destinos en Cuba, pero no contienen detalles sobre esta actividad en particular. Te recomiendo visitar el sitio web oficial del Jeep Safari Pinar del Río o contactar directamente con ellos para obtener información actualizada y precisa sobre las actividades que ofrecen.', name=None, tool_calls=None), finish_reason=<FinishReason.stop: 'stop'>)] usage=UsageInfo(prompt_tokens=566, total_tokens=685, completion_tokens=119)"
¿Cuáles son los días festivos en Trinidad?,"id='3ee66f4937fa4db589478fef3cb2bd7f' object='chat.completion' created=1749866913 model='open-mixtral-8x7b' choices=[ChatCompletionResponseChoice(index=0, message=ChatMessage(role='assistant', content='Desafortunadamente, no se proporciona información específica sobre los días festivos en Trinidad en los documentos suministrados. Los documentos incluyen metadatos sobre las fuentes y las fechas de extracción, pero no contienen información relevante sobre los días festivos en Trinidad.\n\nPara encontrar esta información, sería necesario consultar otras fuentes fiables y actualizadas sobre Trinidad y sus días festivos. Los días festivos pueden variar según el país y la región, y pueden incluir festividades nacionales, religiosas y culturales. Algunos ejemplos de días festivos comunes en Cuba incluyen el Día de la Rebeldía Nacional, el Día del Trabajo y el Aniversario de la Fundación de la República de Cuba. Sin embargo, se recomienda verificar las fuentes oficiales y actualizadas para obtener información precisa y oportuna sobre los días festivos en Trinidad.', name=None, tool_calls=None), finish_reason=<FinishReason.stop: 'stop'>)] usage=UsageInfo(prompt_tokens=516, total_tokens=755, completion_tokens=239)"
¿Dónde puedo encontrar información turística en Trinidad?,"id='5d350162fd37406a8c71a53b9e88f9b7' object='chat.completion' created=1749866923 model='open-mixtral-8x7b' choices=[ChatCompletionResponseChoice(index=0, message=ChatMessage(role='assistant', content='Based on the provided documents, there is no specific information about where to find tourist information in Trinidad, Cuba. The documents with metadata source ""[https://www.cuba.travel/destinos/trinidad/gastronomia](https://www.cuba.travel/destinos/trinidad/gastronomia)"" and ""[https://www.cuba.travel/en/destinations/santiago-de-cuba/tourist-services/hotels-in-santiago-de-cuba](https://www.cuba.travel/en/destinations/santiago-de-cuba/tourist-services/hotels-in-santiago-de-cuba)"" contain no page content. Therefore, I would recommend visiting the official website of Trinidad or the Cuban tourism board for up-to-date and comprehensive information.', name=None, tool_calls=None), finish_reason=<FinishReason.stop: 'stop'>)] usage=UsageInfo(prompt_tokens=562, total_tokens=762, completion_tokens=200)"
¿Cómo es el clima en Holguín durante el mes de octubre?,"id='c45ee0ded02347b7aea320fefff7c985' object='chat.completion' created=1749866928 model='open-mixtral-8x7b' choices=[ChatCompletionResponseChoice(index=0, message=ChatMessage(role='assistant', content='Desafortunadamente, no se proporciona información específica sobre el clima en Holguín durante el mes de octubre en el documento provisto. El primer documento se refiere al clima de Holguín en general, pero no ofrece datos sobre temperaturas o precipitaciones específicas para el mes de octubre. Los otros documentos se refieren a temas relacionados con Santiago de Cuba, no con Holguín. Para obtener información precisa sobre el clima en Holguín en octubre, te recomiendo consultar fuentes meteorológicas confiables.', name=None, tool_calls=None), finish_reason=<FinishReason.stop: 'stop'>)] usage=UsageInfo(prompt_tokens=579, total_tokens=719, completion_tokens=140)"
¿Qué opciones de alojamiento hay en Pinar del Río?,"id='de2eef0bd149428e8bfddd19e4026511' object='chat.completion' created=1749866931 model='open-mixtral-8x7b' choices=[ChatCompletionResponseChoice(index=0, message=ChatMessage(role='assistant', content='Lo siento, en los documentos proporcionados no hay información sobre opciones de alojamiento en Pinar del Río. Los documentos mencionan destinos como Santiago de Cuba y Trinidad, pero no Pinar del Río.', name=None, tool_calls=None), finish_reason=<FinishReason.stop: 'stop'>)] usage=UsageInfo(prompt_tokens=568, total_tokens=627, completion_tokens=59)"
¿Cuáles son las áreas protegidas en Holguín?,"id='4429145dd4e2472faa5da3d72cd440ed' object='chat.completion' created=1749866935 model='open-mixtral-8x7b' choices=[ChatCompletionResponseChoice(index=0, message=ChatMessage(role='assistant', content='Según el documento con id \'7c1ed17f-ccb4-4b0a-b37f-b21ba1c59f98\', no se proporciona información específica sobre las áreas protegidas en Holguín. El contenido de este documento es el siguiente:\n\n{\n""page\\_content"": """",\n""metadata"": {\n""source"": ""https://www.cuba.travel/en/destinations/holguin/natural-attractions"",\n""crawl\\_date"": ""2025-06-13T15:28:16.966955"",\n""language"": ""es""\n}\n}\n\nPara obtener información sobre las áreas protegidas en Holguín, sería necesario buscar en fuentes adicionales y actualizadas.', name=None, tool_calls=None), finish_reason=<FinishReason.stop: 'stop'>)] usage=UsageInfo(prompt_tokens=565, total_tokens=774, completion_tokens=209)"
¿Qué eventos culturales se celebran en Santiago de Cuba?,"id='51c0c4d7aec148a0940f1964d4d542c4' object='chat.completion' created=1749866943 model='open-mixtral-8x7b' choices=[ChatCompletionResponseChoice(index=0, message=ChatMessage(role='assistant', content='Desafortunadamente, los documentos proporcionados no contienen información sobre eventos culturales específicos que se celebren en Santiago de Cuba. Los metadatos de los documentos indican que provienen de páginas web de viajes sobre destinos en Cuba, pero los campos de contenido están vacíos. Para obtener información sobre eventos culturales en Santiago de Cuba, sería necesario revisar otros documentos que contengan esta información.', name=None, tool_calls=None), finish_reason=<FinishReason.stop: 'stop'>)] usage=UsageInfo(prompt_tokens=547, total_tokens=661, completion_tokens=114)"
¿Cómo puedo llegar a Varadero por vía terrestre?,"id='e847ef3c4f5e4f3f90dbd239055756fe' object='chat.completion' created=1749866945 model='open-mixtral-8x7b' choices=[ChatCompletionResponseChoice(index=0, message=ChatMessage(role='assistant', content='Lo siento, en los documentos proporcionados no se encontró información sobre cómo llegar a Varadero por vía terrestre. Los documentos se refieren a destinos turísticos en Santiago de Cuba y Holguín, Cuba, y no contienen información sobre Varadero. Le recomiendo buscar información específica sobre rutas terrestres hacia Varadero en fuentes de viaje confiables.', name=None, tool_calls=None), finish_reason=<FinishReason.stop: 'stop'>)] usage=UsageInfo(prompt_tokens=571, total_tokens=673, completion_tokens=102)"
¿Qué actividades puedo hacer en el Nature Tour Habana?,"id='b131292980bb4c08b88464144bc4ed8b' object='chat.completion' created=1749866949 model='open-mixtral-8x7b' choices=[ChatCompletionResponseChoice(index=0, message=ChatMessage(role='assistant', content='Lo siento, no puedo proporcionar información específica sobre las actividades que puedes hacer en el Nature Tour Habana, ya que los documentos que me has proporcionado no contienen información sobre este tema. Los documentos se refieren a diferentes destinos en Cuba, como Varadero, Trinidad y Holguín, pero no mencionan el Nature Tour Habana.\n\nSi puedes proporcionarme más información o documentos que estén relacionados con el Nature Tour Habana, estaré encantado de ayudarte a buscar la información que necesitas.', name=None, tool_calls=None), finish_reason=<FinishReason.stop: 'stop'>)] usage=UsageInfo(prompt_tokens=553, total_tokens=698, completion_tokens=145)"
¿Dónde puedo encontrar farmacias internacionales en Trinidad?,"id='c214718ab59043fdbda22a38c5b14f53' object='chat.completion' created=1749866951 model='open-mixtral-8x7b' choices=[ChatCompletionResponseChoice(index=0, message=ChatMessage(role='assistant', content='Lo siento, no puedo proporcionar la información que busca directamente desde los documentos provistos, ya que ninguno de ellos parece contener información sobre farmacias internacionales en Trinidad. Sería recomendable buscar en sitios web específicos de Trinidad o Cuba, o en directorios locales para encontrar esta información.', name=None, tool_calls=None), finish_reason=<FinishReason.stop: 'stop'>)] usage=UsageInfo(prompt_tokens=550, total_tokens=639, completion_tokens=89)"
¿Cómo es el clima en Trinidad durante el mes de enero?,"id='b3d24c93aa184168a0efd3a96aa1fecb' object='chat.completion' created=1749866956 model='open-mixtral-8x7b' choices=[ChatCompletionResponseChoice(index=0, message=ChatMessage(role='assistant', content='Desafortunadamente, no hay información disponible sobre el clima en Trinidad específicamente durante el mes de enero en los documentos proporcionados. Los documentos disponibles solo contienen metadatos y no proporcionan ningún contenido relevante sobre el clima en Trinidad en enero.\n\nSin embargo, para obtener información sobre el clima en Trinidad durante el mes de enero, puedes consultar sitios web confiables de pronósticos del tiempo, como Time and Date, que ofrecen datos climáticos históricos y actualizaciones meteorológicas en tiempo real.', name=None, tool_calls=None), finish_reason=<FinishReason.stop: 'stop'>)] usage=UsageInfo(prompt_tokens=539, total_tokens=690, completion_tokens=151)"
